<?xml version="1.0" encoding="UTF-8" standalone="yes"?>
<manifest>
  <control namespace="PCFexcel" constructor="PCFexcel" version="0.0.59" display-name-key="PCFexcel" description-key="PCFexcel for record creation" control-type="standard" preview-image="img/preview.png" api-version="1.3.1">
    <data-set name="sampleDataSet" display-name-key="Dataset_Display_Key"/>
    <property name="entitySchemaName" display-name-key="Entity Schema Name" description-key="Entity Schema Name" of-type="SingleLine.Text" usage="input" required="true"/>
    <property name="entityCollectionSchemaName" display-name-key="Entity Schema Collection Name" description-key="Entity Schema Collection Name" of-type="SingleLine.Text" usage="input" required="true"/>
    <feature-usage>
      <uses-feature name="Utility" required="true"/>
      <uses-feature name="WebAPI" required="true"/>
    </feature-usage>
    <resources>
      <code path="bundle.js" order="1"/>
      <css path="css/PCFexcel.css" order="1"/>
    </resources>
    <built-by name="pac" version="1.6.6"/>
  </control>
</manifest>